file	artist	title	year	standard	audio	archiver	renderer	extra
P530-01	Yamaha	Peter Gunn	1997	XG, PSR	PSR-530	Lumière Élevé		
P530-02	Yamaha	Rhythm & Blues	1997	XG, PSR	PSR-530	Lumière Élevé		Also as P730-02.
P530-03	Yamaha	Farolillo	1997	XG, PSR	PSR-530	Lumière Élevé		
P530-04	Yamaha	Film Score	1997	XG, PSR	PSR-530	Lumière Élevé		
P530-05	Yamaha	Acoustic Piano	1997	XG, PSR	PSR-530	Lumière Élevé		
P530-06	Yamaha	Guitar Ballad	1997	XG, PSR	PSR-530	Lumière Élevé		
P530-07	Yamaha	Country Rock	1997	XG, PSR	PSR-530	Lumière Élevé		
P530-08	Yamaha	Dark Ballad	1997	XG, PSR	PSR-530	Lumière Élevé		
P530-09	Yamaha	Hip Hop	1997	XG, PSR	PSR-530	Lumière Élevé		
P530-10	Yamaha	Cleopatra’s Dream	1997	XG, PSR	PSR-530	Lumière Élevé		
P530-11	Yamaha	Jazz Guitar	1997	XG, PSR	PSR-530	Lumière Élevé		
P530-12	Yamaha	Acoustic Blues	1997	XG, PSR	PSR-530	Lumière Élevé		
P730-01	Yamaha	Trumpet	1997	XG, PSR	PSR-730	Lumière Élevé		
P730-03	Yamaha	Film Score	1997	XG, PSR	PSR-730	Lumière Élevé		
P730-04	Yamaha	Electric Piano	1997	XG, PSR	PSR-730	Lumière Élevé		
P730-05	Yamaha	Jazz Guitar	1997	XG, PSR	PSR-730	Lumière Élevé		
P730-06	Yamaha	Accordion	1997	XG, PSR	PSR-730	Lumière Élevé		
P730-07	Yamaha	Rock	1997	XG, PSR	PSR-730	Lumière Élevé		
P730-10	Yamaha	Bossa Nova	1997	XG, PSR	PSR-730	Lumière Élevé		
P730-11	Yamaha	Techno 1	1997	XG, PSR	PSR-730	Lumière Élevé	ValleyBell	Techno 2 is a separate extended mix.
P730-13	Yamaha	Trance	1997	XG, PSR	PSR-730	Lumière Élevé	ValleyBell	
P730-14	Yamaha	Viennese Waltz	1997	XG, PSR	PSR-730	Lumière Élevé		
P340-01	Yamaha	My Heart Will Go On	1999	XG, PSR	PSR-340	Lumière Élevé		Also as P540-01.
P340-02	Yamaha	Take Off!	1999	XG, PSR	PSR-340	Lumière Élevé		
P340-03	Yamaha	Hard Rock	1999	XG, PSR	PSR-340	Lumière Élevé		
P540-02	Yamaha	Sweet Trumpet	1999	XG, PSR	PSR-540	Lumière Élevé		
P540-03	Yamaha	Clean Guitar	1999	XG, PSR	PSR-540	Lumière Élevé		
P540-04	Yamaha	Piano Concerto	1999	XG, PSR	PSR-540	Lumière Élevé		
P540-05	Yamaha	Accordion	1999	XG, PSR	PSR-540	Lumière Élevé		
P280-01	Yamaha		2000	XG, PSR	PSR-280	Unknown (DBWBP)		
P280-02	Yamaha		2000	XG, PSR	PSR-280	Unknown (DBWBP)		
P280-03	Yamaha		2000	XG, PSR	PSR-280	Unknown (DBWBP)		
P280-04	Yamaha		2000	XG, PSR	PSR-280	Unknown (DBWBP)		
P280-05	Yamaha		2000	XG, PSR	PSR-280	Unknown (DBWBP)		
P280-06	Yamaha		2000	XG, PSR	PSR-280	Unknown (DBWBP)		
P280-07	Yamaha		2000	XG, PSR	PSR-280	Unknown (DBWBP)		
P280-08	Yamaha		2000	XG, PSR	PSR-280	Unknown (DBWBP)		
P280-09	Yamaha		2000	XG, PSR	PSR-280	Unknown (DBWBP)		
P280-10	Yamaha		2000	XG, PSR	PSR-280	Unknown (DBWBP)		
P280-71	Yamaha		2000	XG, PSR	PSR-280	Unknown (DBWBP)		
P280-72	Yamaha		2000	XG, PSR	PSR-280	Unknown (DBWBP)		
P280-73	Yamaha		2000	XG, PSR	PSR-280	Unknown (DBWBP)		
P280-74	Yamaha		2000	XG, PSR	PSR-280	Unknown (DBWBP)		
P280-75	Yamaha		2000	XG, PSR	PSR-280	Unknown (DBWBP)		
P280-76	Yamaha		2000	XG, PSR	PSR-280	Unknown (DBWBP)		
P280-77	Yamaha		2000	XG, PSR	PSR-280	Unknown (DBWBP)		
P280-78	Yamaha		2000	XG, PSR	PSR-280	Unknown (DBWBP)		
P280-79	Yamaha		2000	XG, PSR	PSR-280	Unknown (DBWBP)		
P280-80	Yamaha		2000	XG, PSR	PSR-280	Unknown (DBWBP)		
P280-81	Yamaha		2000	XG, PSR	PSR-280	Unknown (DBWBP)		
P280-82	Yamaha		2000	XG, PSR	PSR-280	Unknown (DBWBP)		
P280-83	Yamaha		2000	XG, PSR	PSR-280	Unknown (DBWBP)		
P280-84	Yamaha		2000	XG, PSR	PSR-280	Unknown (DBWBP)		
P280-85	Yamaha		2000	XG, PSR	PSR-280	Unknown (DBWBP)		
P280-86	Yamaha		2000	XG, PSR	PSR-280	Unknown (DBWBP)		
P280-87	Yamaha		2000	XG, PSR	PSR-280	Unknown (DBWBP)		
P280-88	Yamaha		2000	XG, PSR	PSR-280	Unknown (DBWBP)		
P280-89	Yamaha		2000	XG, PSR	PSR-280	Unknown (DBWBP)		
P280-90	Yamaha		2000	XG, PSR	PSR-280	Unknown (DBWBP)		
P280-91	Yamaha		2000	XG, PSR	PSR-280	Unknown (DBWBP)		
P280-92	Yamaha		2000	XG, PSR	PSR-280	Unknown (DBWBP)		
P280-93	Yamaha		2000	XG, PSR	PSR-280	Unknown (DBWBP)		
P280-94	Yamaha		2000	XG, PSR	PSR-280	Unknown (DBWBP)		
P280-95	Yamaha		2000	XG, PSR	PSR-280	Unknown (DBWBP)		
P280-96	Yamaha		2000	XG, PSR	PSR-280	Unknown (DBWBP)		
P280-97	Yamaha		2000	XG, PSR	PSR-280	Unknown (DBWBP)		
P280-98	Yamaha		2000	XG, PSR	PSR-280	Unknown (DBWBP)		
P280-99	Yamaha		2000	XG, PSR	PSR-280	Unknown (DBWBP)		
P280-A0	Yamaha		2000	XG, PSR	PSR-280	Unknown (DBWBP)		
P2000-01	Yamaha	Sweet! Soprano Sax	2001	XG, PSR	PSR-2000	Lumière Élevé		
P2000-02	Yamaha	Sweet! Flute	2001	XG, PSR	PSR-2000	Lumière Élevé		
P2000-03	Yamaha	Sweet! Tenor Sax	2001	XG, PSR	PSR-2000	Lumière Élevé		
P2000-04	Yamaha	Sweet! Trumpet	2001	XG, PSR	PSR-2000	Lumière Élevé		
P2000-05	Yamaha	Sweet! Pan Flute	2001	XG, PSR	PSR-2000	Lumière Élevé		
P2000-06	Yamaha	Live! Strings	2001	XG, PSR	PSR-2000	Lumière Élevé		
P2000-07	Yamaha	Cool! Electric Guitar	2001	XG, PSR	PSR-2000	Lumière Élevé		
P2000-08	Yamaha	Nylon Guitar	2001	XG, PSR	PSR-2000	Lumière Élevé		
P2000-09	Yamaha	Organ Flutes	2001	XG, PSR	PSR-2000	Lumière Élevé		
P2000-10	Yamaha	Pop & Rock	2001	XG, PSR	PSR-2000	Lumière Élevé		Requires style data.
P2000-11	Yamaha	Ballad	2001	XG, PSR	PSR-2000	Lumière Élevé		Requires style data.
P2000-12	Yamaha	Swing & Jazz	2001	XG, PSR	PSR-2000	Lumière Élevé		Requires style data.
P2000-13	Yamaha	Dance	2001	XG, PSR	PSR-2000	Lumière Élevé		Requires style data.
P2000-14	Yamaha	Quickstep	2001	XG, PSR	PSR-2000	Lumière Élevé		Requires style data.
P2000-15	Yamaha	Pop Samba	2001	XG, PSR	PSR-2000	Lumière Élevé		Requires style data.
P2000-16	Yamaha	March & Waltz	2001	XG, PSR	PSR-2000	Lumière Élevé		Requires style data.
P2000-17	Yamaha	Function Demo	2001	XG, PSR	PSR-2000	Lumière Élevé		
P2000-18	Yamaha	Sound System	2001	XG, PSR	PSR-2000	Lumière Élevé		
P2000-19	Yamaha	Twinkle Twinkle Little Star	2001	XG, PSR	PSR-2000	Lumière Élevé		
P2000-20	Yamaha	Beautiful Dreamer	2001	XG, PSR	PSR-2000	Lumière Élevé		
E313-01	Yamaha	Cruisin’	2007	XG, PSR	PSR-E313	JayB	JayB	
E313-02	Yamaha	Jessica	2007	XG, PSR	PSR-E313	JayB	JayB	
E313-03	Yamaha	Castaway	2007	XG, PSR	PSR-E313	JayB	JayB	
D660-01	Yamaha	Jet Set	2008	XG, PSR	DGX-660	dffn3		
D660-02	Yamaha	Winter Serenade	2008	XG, PSR	DGX-660	dffn3		Also as NP80-02.
D660-03	Yamaha	Take Off! New Mix	2008	XG, PSR	DGX-660	dffn3		Also as NP80-03.
D660-04	Yamaha	Natural! Grand Piano	2008	XG, PSR	DGX-660	dffn3		Also as NP80-04.
D660-05	Yamaha	Live! Orchestra	2008	XG, PSR	DGX-660	dffn3		Also as NP80-05.
D660-06	Yamaha	Cool! Organ	2008	XG, PSR	DGX-660	dffn3		Also as NP80-06.
D660-07	Yamaha	Cool! Galaxy E. Piano	2008	XG, PSR	DGX-660	dffn3		Also as NP80-07.
D660-08	Yamaha	Modern Harmonica & Sweet Soprano Sax	2008	XG, PSR	DGX-660	dffn3		Also as NP80-08.
D660-09	Yamaha	Power Kit	2008	XG, PSR	DGX-660	dffn3		
D660-10	Yamaha	Dance Kit	2008	XG, PSR	DGX-660	dffn3		
D660-11	Yamaha	Cuban Pop Latin Percussion	2008	XG, PSR	DGX-660	dffn3		
D660-12	Yamaha	Overview	2008	XG, PSR	DGX-660	dffn3		
NP80-01	Yamaha	New Dawn	2010	XG, PSR	NP-V80	dffn3		
NP80-09	Yamaha	Hallelujah Chorus	2010	XG, PSR	NP-V80	dffn3		
NP80-10	Yamaha	Ave Maria	2010	XG, PSR	NP-V80	dffn3		
NP80-11	Yamaha	Nocturne op.9-2	2010	XG, PSR	NP-V80	dffn3		
E433-01	Yamaha	Clubworks	2012	XG, PSR	PSR-E433	dffn3		
E433-02	Yamaha	Globe Pop	2012	XG, PSR	PSR-E433	dffn3		
E433-03	Yamaha	Chillin’	2012	XG, PSR	PSR-E433	dffn3		Also as E453-02.
E453-01	Yamaha	Downtown	2016	XG, PSR	PSR-E453	dffn3		
E453-03	Yamaha	Grand Tour	2016	XG, PSR	PSR-E453	dffn3		
